id,name,group,area,start_date,end_date
233ac42e-573c-400e-8568-0ac3d4c107f9,Aadu Must,Eesti Keskerakonna fraktsioon,Tartu linn ,"",""
e3adcdb3-582b-411a-9132-4dc292c56bb0,Ain Lutsepp,Eesti Vabaerakonna fraktsioon,Tallinna Mustamäe ja Nõmme linnaosa ,"",""
2dcb35ed-acbc-4bcf-9e9d-9da681842d6d,Aivar Kokk,Isamaa ja Res Publica Liidu fraktsioon,Jõgeva- ja Tartumaa ,"",""
5650dddf-f2ca-4b94-8888-e7482808f81b,Aivar Sõerd,Eesti Reformierakonna fraktsioon,Harju- ja Raplamaa ,"",""
6532ddc5-3651-49a7-b79c-b6ebeb0a2acd,Andrei Novikov,Eesti Keskerakonna fraktsioon,"Tallinna Haabersti, Põhja-Tallinna ja Kristiine linnaosa ","",""
01e6473e-8d4d-4b94-9266-0e5082e94942,Andres Ammas,Eesti Vabaerakonna fraktsioon,"Hiiu-, Lääne- ja Saaremaa ","",""
d29b95db-3b4d-43de-802d-652c32199211,Andres Anvelt,Sotsiaaldemokraatliku Erakonna fraktsioon,"Tallinna Kesklinna, Lasnamäe ja Pirita linnaosa ","",""
ccf992ae-380e-46a9-97e7-8fa4da648262,Andres Herkel,Eesti Vabaerakonna fraktsioon,"Tallinna Kesklinna, Lasnamäe ja Pirita linnaosa ","",""
d5f3dddb-d809-448a-a94f-adbf208e408a,Andres Metsoja,Isamaa ja Res Publica Liidu fraktsioon,Pärnumaa ,"",""
124415a9-7640-4ec6-aa07-fc402b67af56,Anne Sulling,Eesti Reformierakonna fraktsioon,Tartu linn ,"",""
103bdae6-c980-4bd4-8e57-e8af4df13f4b,Ants Laaneots,Eesti Reformierakonna fraktsioon,Tartu linn ,"",""
d43974f1-4b85-4e61-b9f6-67535e1bf19f,Arno Sild,Eesti Konservatiivse Rahvaerakonna fraktsioon,"Võru-, Valga- ja Põlvamaa ","",""
fe748f4d-3f50-4af8-8069-92a460978d2b,Arto Aas,Eesti Reformierakonna fraktsioon,"Tallinna Kesklinna, Lasnamäe ja Pirita linnaosa ","",""
e6c4032b-6803-4a5e-b857-f181c1a81685,Artur Talvik,Eesti Vabaerakonna fraktsioon,Harju- ja Raplamaa ,"",""
5c9c68d8-7b18-4f3e-901a-afc9970cdd97,Deniss Boroditš,Eesti Reformierakonna fraktsioon,Ida-Virumaa ,"",""
6eafafda-f117-44e5-b14b-1956d566e233,Dmitri Dmitrijev,Eesti Keskerakonna fraktsioon,Ida-Virumaa ,"",""
fd6447a4-c040-4955-b47f-b5634f0fd532,Edgar Savisaar,Fraktsiooni mittekuuluvad Riigikogu liikmed,"Tallinna Kesklinna, Lasnamäe ja Pirita linnaosa ","",""
b2226516-4cd4-4471-b93b-696c40b7a9e2,Eerik-Niiles Kross,Eesti Reformierakonna fraktsioon,Tallinna Mustamäe ja Nõmme linnaosa ,"",""
81aecc23-8483-48d6-9217-289fce86b1b5,Eiki Nestor,Sotsiaaldemokraatliku Erakonna fraktsioon,"Tallinna Haabersti, Põhja-Tallinna ja Kristiine linnaosa ","",""
07132cc4-5afc-4edb-9537-7c721ec39b2d,Enn Eesmaa,Eesti Keskerakonna fraktsioon,"Hiiu-, Lääne- ja Saaremaa ","",""
18360e3e-b776-4fa1-a361-5d9c287a89a7,Erki Savisaar,Eesti Keskerakonna fraktsioon,Tallinna Mustamäe ja Nõmme linnaosa ,"",""
b9feb51b-6b6c-4ca0-b6c2-de0d0fd89aa8,Hannes Hanso,Sotsiaaldemokraatliku Erakonna fraktsioon,"Hiiu-, Lääne- ja Saaremaa ","",""
cf42a56a-b91a-4a51-913b-a489305326a2,Hanno Pevkur,Eesti Reformierakonna fraktsioon,"Võru-, Valga- ja Põlvamaa ","",""
cb6b45a7-5dcb-4a3b-bb18-2b79fe3278ae,Heidy Purga,Eesti Reformierakonna fraktsioon,"Tallinna Haabersti, Põhja-Tallinna ja Kristiine linnaosa ","",""
40766949-940e-4530-9377-1532bc22501b,Heimar Lenk,Eesti Keskerakonna fraktsioon,"Võru-, Valga- ja Põlvamaa ","",""
23161df7-bc1b-442e-b4cd-2d1f37627658,Helir-Valdor Seeder,Isamaa ja Res Publica Liidu fraktsioon,Järva- ja Viljandimaa ,"",""
b5922bb2-56bb-4de6-a7e1-754553191c27,Heljo Pikhof,Sotsiaaldemokraatliku Erakonna fraktsioon,Tartu linn ,"",""
1d0b281d-b769-4e94-8c67-faa1cb1b1395,Helmen Kütt,Sotsiaaldemokraatliku Erakonna fraktsioon,Järva- ja Viljandimaa ,"",""
65b1d8bb-7f45-48f5-b4aa-7ba4ca459824,Henn Põlluaas,Eesti Konservatiivse Rahvaerakonna fraktsioon,Harju- ja Raplamaa ,"",""
5958ba28-6672-426f-b533-bea2f9c8d64e,Igor Gräzin,Eesti Reformierakonna fraktsioon,Jõgeva- ja Tartumaa ,"",""
58378026-b797-4bf2-89fc-31a73d9219b3,Indrek Saar,Sotsiaaldemokraatliku Erakonna fraktsioon,Lääne-Virumaa ,"",""
56240b7a-f393-479e-8fa4-8267be56d125,Ivari Padar,Sotsiaaldemokraatliku Erakonna fraktsioon,"Võru-, Valga- ja Põlvamaa ","",""
13938f95-f891-4607-a67e-d11a65dc79a3,Jaak Aaviksoo,Isamaa ja Res Publica Liidu fraktsioon,"Võru-, Valga- ja Põlvamaa ","",""
ecbd080f-ee6a-4287-9dff-393cf5c8e880,Jaak Madison,Eesti Konservatiivse Rahvaerakonna fraktsioon,Järva- ja Viljandimaa ,"",""
13fe7449-a3ec-4e2e-86aa-256d8ce8475c,Jaanus Marrandi,Sotsiaaldemokraatliku Erakonna fraktsioon,Järva- ja Viljandimaa ,"",""
74be76ab-c833-4ae8-89bc-6e4c7bc3f7fd,Jevgeni Ossinovski,Sotsiaaldemokraatliku Erakonna fraktsioon,Ida-Virumaa ,"",""
ae55c88e-c202-4290-832b-b4e2fb5086ed,Johannes Kert,Eesti Reformierakonna fraktsioon,Järva- ja Viljandimaa ,"",""
bd171edb-9d99-483e-acc1-dfca5d6deb18,Juhan Parts,Isamaa ja Res Publica Liidu fraktsioon,"Tallinna Kesklinna, Lasnamäe ja Pirita linnaosa ","",""
c0c7bea2-4c5e-4295-9c0f-dca52d602098,Jürgen Ligi,Eesti Reformierakonna fraktsioon,Järva- ja Viljandimaa ,"",""
764a05b8-221d-4b65-b87b-a9b1f8b569fa,Jüri Adams,Eesti Vabaerakonna fraktsioon,Tartu linn ,"",""
09500870-255e-416d-8eda-f80e9929adda,Jüri Jaanson,Eesti Reformierakonna fraktsioon,Pärnumaa ,"",""
87b36dbb-08e9-4048-91eb-6df699c6e27e,Jüri Ratas,Eesti Keskerakonna fraktsioon,Harju- ja Raplamaa ,"",""
382d928f-8fa4-422b-9538-043ff3033b65,Kadri Simson,Eesti Keskerakonna fraktsioon,Pärnumaa ,"",""
2240eda3-3fe9-457a-ab4f-2c52a4382c3c,Kalev Kallo,Eesti Keskerakonna fraktsioon,"Tallinna Haabersti, Põhja-Tallinna ja Kristiine linnaosa ","",""
31eee189-0019-469f-8469-7da564bf1af9,Kalle Laanet,Eesti Reformierakonna fraktsioon,"Hiiu-, Lääne- ja Saaremaa ","",""
ca5eb437-2288-4945-bc12-325f98008ed3,Kalle Palling,Eesti Reformierakonna fraktsioon,Harju- ja Raplamaa ,"",""
46fa9a7c-7055-444f-8c55-ea640d1d95d6,Kalvi Kõva,Sotsiaaldemokraatliku Erakonna fraktsioon,"Võru-, Valga- ja Põlvamaa ","",""
e87a03b8-08cf-4b88-8a28-f26da1d65e30,Keit Pentus-Rosimannus,Eesti Reformierakonna fraktsioon,"Tallinna Kesklinna, Lasnamäe ja Pirita linnaosa ","",""
e796fa83-54c6-4aa2-a05a-166f331508fa,Ken-Marti Vaher,Isamaa ja Res Publica Liidu fraktsioon,"Tallinna Haabersti, Põhja-Tallinna ja Kristiine linnaosa ","",""
caea357b-12c0-4069-b53e-89f69f517212,Kersti Sarapuu,Eesti Keskerakonna fraktsioon,Järva- ja Viljandimaa ,"",""
ed14baf6-eddf-46f6-bff2-21503139d1ec,Krista Aru,Eesti Vabaerakonna fraktsioon,Tartu linn ,"",""
84bf9004-a454-44c9-8696-5337c74ff486,Kristen Michal,Eesti Reformierakonna fraktsioon,"Tallinna Haabersti, Põhja-Tallinna ja Kristiine linnaosa ","",""
1a847bf9-89b0-40b5-ad0f-36e8d41ebe20,Külliki Kübarsepp,Eesti Vabaerakonna fraktsioon,"Tallinna Haabersti, Põhja-Tallinna ja Kristiine linnaosa ","",""
88e36468-1e0f-4b6f-9872-1c7025d2f66b,Laine Randjärv,Eesti Reformierakonna fraktsioon,Harju- ja Raplamaa ,"",""
e8df7efa-a72a-495c-a485-7ff8c0a177d8,Lauri Laasi,Eesti Keskerakonna fraktsioon,"Tallinna Haabersti, Põhja-Tallinna ja Kristiine linnaosa ","",""
0c8c32b6-5add-4058-acb8-c76822d1d06b,Lauri Luik,Eesti Reformierakonna fraktsioon,"Hiiu-, Lääne- ja Saaremaa ","",""
a12ffc5c-0809-46cb-abc4-cc99a7fa3f60,Liina Kersna,Eesti Reformierakonna fraktsioon,"Võru-, Valga- ja Põlvamaa ","",""
ef97dd2d-40d0-4d80-866d-4ef6e71995f1,Madis Milling,Eesti Reformierakonna fraktsioon,Harju- ja Raplamaa ,"",""
74f8df6d-6f4d-410b-8b45-bf58922cf421,Mailis Reps,Eesti Keskerakonna fraktsioon,Järva- ja Viljandimaa ,"",""
3c54682c-4050-471a-bd09-27481a034f82,Maire Aunaste,Isamaa ja Res Publica Liidu fraktsioon,"Võru-, Valga- ja Põlvamaa ","",""
db788688-d7a6-4af8-8cee-3004adb948f5,Margus Tsahkna,Isamaa ja Res Publica Liidu fraktsioon,Tartu linn ,"",""
ec4c481a-8727-490a-b90e-cbefeac9564e,Marika Tuus-Laul,Eesti Keskerakonna fraktsioon,Jõgeva- ja Tartumaa ,"",""
315ea785-8f59-40e5-a158-3de8b908572f,Maris Lauri,Eesti Reformierakonna fraktsioon,Tallinna Mustamäe ja Nõmme linnaosa ,"",""
58be6531-1f4b-4b0b-9c21-92566a40ae8b,Marko Mihkelson,Isamaa ja Res Publica Liidu fraktsioon,Harju- ja Raplamaa ,"",""
85b88dbc-3406-44a0-9aff-49394fd4e9a2,Marko Pomerants,Isamaa ja Res Publica Liidu fraktsioon,Lääne-Virumaa ,"",""
4b96f3e5-af5e-41ce-86c9-3fdee3ce51da,Mart Helme,Eesti Konservatiivse Rahvaerakonna fraktsioon,Pärnumaa ,"",""
98008392-64a2-4429-8a41-fb051823e402,Martin Helme,Eesti Konservatiivse Rahvaerakonna fraktsioon,Tallinna Mustamäe ja Nõmme linnaosa ,"",""
7dd476b9-96f3-4087-a91b-6e5855904fed,Martin Kukk,Eesti Reformierakonna fraktsioon,Tallinna Mustamäe ja Nõmme linnaosa ,"",""
ce3f9ed0-083c-4d0f-b45a-096610012b5f,Martin Repinski,Eesti Keskerakonna fraktsioon,Ida-Virumaa ,"",""
9c583623-eb94-48de-bf39-2bf49759c5a6,Mihhail Korb,Eesti Keskerakonna fraktsioon,"Tallinna Kesklinna, Lasnamäe ja Pirita linnaosa ","",""
529e5322-1170-4926-a07e-6ed369534503,Mihhail Stalnuhhin,Eesti Keskerakonna fraktsioon,Ida-Virumaa ,"",""
40521bc5-281e-4d9b-a56d-f99be029ecaf,Mihkel Raud,Sotsiaaldemokraatliku Erakonna fraktsioon,Tartu linn ,"",""
5ea230e2-5d34-46e1-9e4c-3966903f6b15,Monika Haukanõmm,Eesti Vabaerakonna fraktsioon,"Tallinna Kesklinna, Lasnamäe ja Pirita linnaosa ","",""
03cb82b4-1b8b-45a8-8660-07baefea12fd,Märt Sults,Eesti Keskerakonna fraktsioon,"Tallinna Haabersti, Põhja-Tallinna ja Kristiine linnaosa ","",""
db899d3d-cf2e-466f-844d-940ec162ed9a,Olga Ivanova,Eesti Keskerakonna fraktsioon,"Tallinna Kesklinna, Lasnamäe ja Pirita linnaosa ","",""
8940964b-6bfd-482d-a4f5-53f2cccb149d,Priit Sibul,Isamaa ja Res Publica Liidu fraktsioon,"Võru-, Valga- ja Põlvamaa ","",""
35385340-859d-4ee2-81f8-399474f00d4b,Priit Toobal,Eesti Keskerakonna fraktsioon,Järva- ja Viljandimaa ,"",""
5388e0b7-83d8-4c7c-8cfd-084a225d0c5f,Rainer Vakra,Fraktsiooni mittekuuluvad Riigikogu liikmed,Tallinna Mustamäe ja Nõmme linnaosa ,"",""
bec6cb23-f13e-411b-9393-a3e4fb59378b,Raivo Aeg,Isamaa ja Res Publica Liidu fraktsioon,"Hiiu-, Lääne- ja Saaremaa ","",""
b0eb11ef-75b9-4427-b8d0-20d38af2903a,Raivo Põldaru,Eesti Konservatiivse Rahvaerakonna fraktsioon,Jõgeva- ja Tartumaa ,"",""
8f01f37d-be79-47d2-b818-c51878a00628,Rein Ratas,Eesti Keskerakonna fraktsioon,Tallinna Mustamäe ja Nõmme linnaosa ,"",""
7b7e11c8-31e8-4072-b50f-fb1dbbb7cd62,Remo Holsmer,Eesti Reformierakonna fraktsioon,"Tallinna Haabersti, Põhja-Tallinna ja Kristiine linnaosa ","",""
e6416c11-b0c5-459a-96f9-c9549bbaaa81,Siret Kotka,Eesti Keskerakonna fraktsioon,Lääne-Virumaa ,"",""
8719c4cd-291e-4216-b3e1-8b5a0d7902fb,Sven Mikser,Sotsiaaldemokraatliku Erakonna fraktsioon,Harju- ja Raplamaa ,"",""
47201a8e-4ae7-45fa-8659-b47930d6f99c,Taavi Rõivas,Eesti Reformierakonna fraktsioon,Harju- ja Raplamaa ,"",""
059a2370-53f7-480c-9700-8d33d0496560,Tanel Talve,Sotsiaaldemokraatliku Erakonna fraktsioon,Jõgeva- ja Tartumaa ,"",""
76afbcdc-b41d-4fc6-b5eb-d0cce01e94d5,Tarmo Tamm,Eesti Keskerakonna fraktsioon,"Võru-, Valga- ja Põlvamaa ","",""
c79c2162-d406-445a-91bb-4c4f9556efb2,Terje Trei,Eesti Reformierakonna fraktsioon,Jõgeva- ja Tartumaa ,"",""
906f1a0a-0000-4a96-866c-b30f2b6adc49,Toomas Kivimägi,Eesti Reformierakonna fraktsioon,Pärnumaa ,"",""
d3e66a59-2b53-4d49-af9a-d0beead8b936,Toomas Vitsut,Eesti Keskerakonna fraktsioon,"Tallinna Kesklinna, Lasnamäe ja Pirita linnaosa ","",""
f45d0388-db27-47eb-b13d-f6d147ef4d6e,Uno Kaskpeit,Eesti Konservatiivse Rahvaerakonna fraktsioon,"Võru-, Valga- ja Põlvamaa ","",""
4a332fbb-be05-4cb2-b6a0-5916eb40fe89,Urmas Kruuse,Eesti Reformierakonna fraktsioon,,"",""
a78027e5-2480-49f2-a340-ee88daf92d53,Urmas Reinsalu,Isamaa ja Res Publica Liidu fraktsioon,Tallinna Mustamäe ja Nõmme linnaosa ,"",""
c91bc287-d95b-4d95-aded-f7a142c1e599,Urve Palo,Sotsiaaldemokraatliku Erakonna fraktsioon,Harju- ja Raplamaa ,"",""
0c571754-914d-406a-baba-6734212353de,Urve Tiidus,Eesti Reformierakonna fraktsioon,"Hiiu-, Lääne- ja Saaremaa ","",""
966e7ccd-b097-4e49-923c-c8d39dae2d62,Valdo Randpere,Eesti Reformierakonna fraktsioon,Lääne-Virumaa ,"",""
29e61beb-0bb5-4d05-929a-1976f3642699,Valeri Korb,Eesti Keskerakonna fraktsioon,Ida-Virumaa ,"",""
bbbcacb7-c34f-48b7-a2ba-1680c93ff810,Viktor Vassiljev,Eesti Keskerakonna fraktsioon,"Tallinna Haabersti, Põhja-Tallinna ja Kristiine linnaosa ","",""
08134982-2ac6-436c-ad8f-8f941ca41d3c,Viktoria Ladõnskaja,Isamaa ja Res Publica Liidu fraktsioon,"Tallinna Kesklinna, Lasnamäe ja Pirita linnaosa ","",""
e0767645-54aa-4084-9dd3-ed196172dabb,Vladimir Velman,Eesti Keskerakonna fraktsioon,Harju- ja Raplamaa ,"",""
90074aa2-4938-41a9-8275-3a6efa1cee31,Yoko Alender,Eesti Reformierakonna fraktsioon,Harju- ja Raplamaa ,"",""
